project,block_time,borrower,asset_symbol,token_amount,usd_value
Aave,2022-04-20T00:00:45+00:00,\x73e5b897e2c0dd66cd9aad1f876b7c9a15f7d797,GUSD,2000,1998.842
Aave,2022-04-20T00:21:32+00:00,\xd2c32f54a26285decf30e6d208f722e7d5fd3f58,SNX,15000,91350
Aave,2022-04-20T00:24:11+00:00,\xcc9a0b7c43dc2a5f023bb9b738e45b0ef6b06e04,WETH,15.5,48112.62
Aave,2022-04-20T00:25:51+00:00,\xdec094279bb40920f1d4d33e46e0162b4ca96b9c,USDC,30000,30025.05
Aave,2022-04-20T00:29:00+00:00,\x1e5a8256f6e5f188a70143ae5a6df06862d87052,USDC,3340,3343.05944
Aave,2022-04-20T00:29:24+00:00,\xf79d4d09d45ace417e7075bdf1816d198e57f186,USDC,500000,500458
Aave,2022-04-20T00:36:40+00:00,\x91d6e260a5965a3c33d5bc4bf4adcf96c449ed2e,USDC,2050,2052.3821
Aave,2022-04-20T00:36:40+00:00,\x5a59bbf52246bca0443e583968d661b739e69253,DAI,5555,5561.671555
Aave,2022-04-20T00:42:58+00:00,\xf89a2234f442ce862443f01c3998701a4cc4a3e3,LINK,120000,1694400
Aave,2022-04-20T00:44:26+00:00,\xa1175a219dac539f2291377f77afd786d20e5882,USDT,1000000,1001364
Aave,2022-04-20T00:47:02+00:00,\xa25a9b7c73158b3b34215925796ce6aa8100c13a,sUSD,180000,180146.52
Compound,2022-04-20T00:32:22+00:00,\xaa6e8127831c9de45ae56bb1b0d4d4da6e5665bd,USDC,179636.122568,179744.982058276
Aave,2022-04-20T05:29:12+00:00,\xcda584cb886e4bda51876f3ab8d4ae344e625220,USDC,150000,150052.5
Aave,2022-04-20T01:59:08+00:00,\x2e771628e765c04a06252801177332d078a19a21,USDC,21607.985499,21613.9709109832
Aave,2022-04-20T01:04:16+00:00,\xd26d5fa5453c88ae1be8b26e995dd97101cabefd,USDC,25000,25024.825
Aave,2022-04-20T01:15:01+00:00,\xe83addbe930e1c242536717ff5d72df6e9264af1,USDC,31500,31549.1715
Aave,2022-04-20T01:16:18+00:00,\xa976ea51b9ba3232706af125a92e32788dc08ddc,USDC,3072341.48,3074350.79132792
Aave,2022-04-20T01:17:22+00:00,\xa976ea51b9ba3232706af125a92e32788dc08ddc,FRAX,3509670,3502039.97742
Aave,2022-04-20T01:17:28+00:00,\xe83addbe930e1c242536717ff5d72df6e9264af1,USDT,24000,24015.12
Aave,2022-04-20T01:18:09+00:00,\xd972bb7ce0c457983fb47bcbe9046681854bfc8c,DAI,75000,75045.3
Aave,2022-04-20T01:22:20+00:00,\xa38f2036a93f279d0d4402fcb35090a18bc524ea,USDT,1000,1000.78
Aave,2022-04-20T01:34:31+00:00,\xabbd5b2b0b034781e58434736728b9d0673de7f1,USDC,150000,150124.2
Aave,2022-04-20T01:36:31+00:00,\x0a264e1ee0e75b428688cb615e32f31e836baee0,USDC,101.475621,101.558425106736
Aave,2022-04-20T01:47:44+00:00,\x6186d6267069dc101cf52f900b64688168b7eefd,USDT,30000,30022.02
Aave,2022-04-20T01:47:52+00:00,\x7a6b837a5bbfa9acbbf809bc5b52ad1b077abe95,USDC,105000,105086.52
Aave,2022-04-20T01:52:22+00:00,\xd65ac35cd234c8718b876ab304fa56c8995e387f,CRV,60,137.4
Aave,2022-04-20T01:59:39+00:00,\xdfc11349cb2b6368854318b808b47c87f32c7efb,GUSD,20000,20006.18
Aave,2022-04-20T02:10:08+00:00,\xb0b6b2f75f5927ca638227bd601ad8b0646ec455,USDT,40000,40019.16
Aave,2022-04-20T02:11:24+00:00,\xbae3bad311a211dbc19c14a5d2995a9a4741abc7,USDT,2566,2567.288132
Aave,2022-04-20T02:37:47+00:00,\xa19c2d21d07a83a6a4bd49d0b699efeb23883b2f,USDC,2000,2001.238
Aave,2022-04-20T02:47:20+00:00,\x1fbf4789ac39de79936ccc29fa6789db6848a275,USDC,2500,2498.785
Aave,2022-04-20T03:14:02+00:00,\xbb959f3e8dae3d06bfcbd4edd25845a7de571216,USDC,43.390248,43.416542490288
Aave,2022-04-20T03:17:33+00:00,\x2ee771b30f673905ae51d8962c0965001c4dcd22,USDT,100,100.0671
Aave,2022-04-20T03:37:55+00:00,\xc966cc9e367f21b31f7907d9d9a7c9d21eb09876,USDC,16000,16017.024
Aave,2022-04-20T03:42:35+00:00,\xd2e35e31396edb10a11abec5748ee939d3f420a0,SNX,8000,48800
Aave,2022-04-20T04:18:04+00:00,\xe83addbe930e1c242536717ff5d72df6e9264af1,USDC,50000,50054
Aave,2022-04-20T04:20:41+00:00,\xa4692920cfd7eabc58a715ce8b6a65cc33efe67f,WETH,5500,17011995
Aave,2022-04-20T05:14:00+00:00,\xb3aba44b58f3a1e82b91d7264492ea8e778c3ba6,AMPL,100000,112890.1
Aave,2022-04-20T05:27:06+00:00,\xcc9a0b7c43dc2a5f023bb9b738e45b0ef6b06e04,WETH,0.12,370.6776
Aave,2022-04-20T05:32:46+00:00,\xa25a9b7c73158b3b34215925796ce6aa8100c13a,USDC,100000,100087.2
Aave,2022-04-20T05:40:58+00:00,\x5c17185f0ddde2842646f1d246fcc47bcd8886d3,USDT,10000,10000.78
Aave,2022-04-20T05:51:23+00:00,\x196a3dc8446920cef0f0d1f6bf7ba5b40702c79f,USDC,195000,194996.49
Aave,2022-04-20T06:06:34+00:00,\x66b870ddf78c975af5cd8edc6de25eca81791de1,WBTC,60,2491054.2
Aave,2022-04-20T06:10:49+00:00,\x6b3d1a37b5c01901341f01f4975d31bc5e6c3d81,WBTC,30,1245910.5
Aave,2022-04-20T06:34:52+00:00,\x127e0464b6eca624f09b9292c4f33e4a829ea5d9,SNX,20000,124400
Aave,2022-04-20T06:51:27+00:00,\x06185ca50a8ab43726b08d8e65c6f2173fb2b236,USDT,2818118,2819242.429082
Aave,2022-04-20T06:54:06+00:00,\x6672a66348fb1792767b34fdcfdb2a63c59f37c6,USDT,15291.628395,15297.7297547296
Aave,2022-04-20T07:13:39+00:00,\x06185ca50a8ab43726b08d8e65c6f2173fb2b236,WBTC,60,2491857.6
Aave,2022-04-20T07:25:07+00:00,\xcc9a0b7c43dc2a5f023bb9b738e45b0ef6b06e04,WETH,200,620198
Aave,2022-04-20T07:57:49+00:00,\x38ff5e822bef345d52376dc52f7d89e55dbc5ea1,USDC,150000,150097.05
Aave,2022-04-20T07:57:49+00:00,\xa4dfe02df1aed4196a42b0009c9ee1e66af21d46,DAI,3641195,3643539.92958
Aave,2022-04-20T08:02:08+00:00,\x2210e6b99e28d4eba28740b7b9835a252620a49d,BUSD,115000,115077.51
Aave,2022-04-20T08:04:05+00:00,\xcc9a0b7c43dc2a5f023bb9b738e45b0ef6b06e04,WETH,65,201058
Aave,2022-04-20T08:04:42+00:00,\x4544e2fae244ea4ca20d075bb760561ce5990dc3,USDC,20000,20020.54
Aave,2022-04-20T08:09:20+00:00,\xcc9a0b7c43dc2a5f023bb9b738e45b0ef6b06e04,WETH,45,139194.9
Aave,2022-04-20T08:10:33+00:00,\xcc9a0b7c43dc2a5f023bb9b738e45b0ef6b06e04,WETH,200,618644
Aave,2022-04-20T08:14:44+00:00,\x97b7b819aef87f45f09337ba5d2ffefba4916609,WETH,15,46445.55
Aave,2022-04-20T08:19:35+00:00,\xcc9a0b7c43dc2a5f023bb9b738e45b0ef6b06e04,WETH,30,92866.5
Aave,2022-04-20T08:32:27+00:00,\x1f847fd5e08fb559a69280a14e7e904e6dbff81f,USDC,2820276.779794,2821830.75229967
Aave,2022-04-20T08:45:06+00:00,\x21795eb77d2bbd56a7704f048eb53676da96cf0f,WETH,2,6200.74
Aave,2022-04-20T09:02:21+00:00,\x16ce1b15ed1278921d7cae34bf60a81227cfc295,USDC,1.084756,1.0848915945
Aave,2022-04-20T09:28:19+00:00,\x63bd5dc073a565f3d42be1941e6f02eec295c951,USDT,30000,30004.38
Aave,2022-04-20T09:31:10+00:00,\x3b065a49e4bd96961c1717caea0720b1964bb79d,WBTC,1.5,62426.13
Aave,2022-04-20T09:34:03+00:00,\xa731f0052e9221efe4a7475d61071730f799abc7,USDC,19500,19519.344
Aave,2022-04-20T09:52:24+00:00,\x21d942179d0f5dade65cb225e4b1aec40167a8cf,USDC,30,30.02229
Aave,2022-04-20T09:58:41+00:00,\xf3d9b8f6af674e82943b4685728b00d13a62fc9e,USDC,200000,200183.2
Aave,2022-04-20T10:29:22+00:00,\x2ee771b30f673905ae51d8962c0965001c4dcd22,FRAX,400,400.2652
Aave,2022-04-20T11:09:53+00:00,\x777999be819ffecee44a995560a9d0e97780a30c,AMPL,200000,227481.8
Aave,2022-04-20T11:29:54+00:00,\xcc9a0b7c43dc2a5f023bb9b738e45b0ef6b06e04,WETH,150,468628.5
Aave,2022-04-20T11:33:36+00:00,\xcc9a0b7c43dc2a5f023bb9b738e45b0ef6b06e04,WETH,100,313057
Aave,2022-04-20T11:44:46+00:00,\x2c2ac999b2b57714bf53016c91044c206c44b479,USDC,4226.424856,4225.74017517333
Aave,2022-04-20T11:47:27+00:00,\x4544e2fae244ea4ca20d075bb760561ce5990dc3,AMPL,200000,222088
Aave,2022-04-20T11:54:55+00:00,\x66b870ddf78c975af5cd8edc6de25eca81791de1,WBTC,60,2519937.6
Aave,2022-04-20T11:55:46+00:00,\x6672a66348fb1792767b34fdcfdb2a63c59f37c6,USDC,10187.017845,10192.6920139397
Aave,2022-04-20T11:55:46+00:00,\xe12984e050197e81368e5817816b5c437bc77925,USDT,9000,8998.407
Aave,2022-04-20T11:56:13+00:00,\x455d7eb74860d0937423b9184f9e8461aa354ebb,USDC,250000,250094.25
Aave,2022-04-20T11:58:43+00:00,\x9cd9f38caf08999e660af70d11bb9ce08f16bc42,USDC,400000,400150.8
Aave,2022-04-20T12:16:31+00:00,\x955207ad12d091fecbddb160667d7ed5be92da09,BUSD,228000,227916.552
Aave,2022-04-20T12:25:57+00:00,\x955207ad12d091fecbddb160667d7ed5be92da09,DAI,101000,101082.719
Aave,2022-04-20T12:28:20+00:00,\x044a9c43e95aa9fd28eea25131a62b602d304f1f,DAI,35000,35036.785
Aave,2022-04-20T12:42:10+00:00,\xb87736c9c2ddbbab1d6b59955a2d5afb8713c2db,USDT,34000,34028.594
Aave,2022-04-20T12:52:11+00:00,\xa1175a219dac539f2291377f77afd786d20e5882,USDT,1000000,1001011
Aave,2022-04-20T12:52:50+00:00,\xc0ca5782c72c88030e62ef6e4c15fef8ccd81627,USDC,620000,620809.1
Aave,2022-04-20T12:54:04+00:00,\x25a76d10b870c07000e9fee68c901d9a354460ab,DAI,2250,2252.32425
Aave,2022-04-20T13:16:43+00:00,\x2f8d4e7b1d771932e1367ee46f4c7be11cd94ac3,DAI,174418,174489.336962
Aave,2022-04-20T13:24:07+00:00,\xe18fe1fe0cbae90b9c373336bec90d3730eedd91,FRAX,60000,59918.52
Aave,2022-04-20T13:25:23+00:00,\x1e5a8256f6e5f188a70143ae5a6df06862d87052,USDC,3990,3993.7905
Aave,2022-04-20T13:30:26+00:00,\x94269a09c5fcbd5e88f9df13741997bc11735a9c,WETH,2914.64098664923,9180565.32615762
Aave,2022-04-20T13:44:51+00:00,\xcc9a0b7c43dc2a5f023bb9b738e45b0ef6b06e04,WETH,190,595382.1
Aave,2022-04-20T13:47:39+00:00,\x74b3691ebc3fb083e36065a1986d6c490b13e95a,WBTC,25,1047970.25
Aave,2022-04-20T14:21:20+00:00,\x6e3aa85db95bba36276a37ed93b12b7ab0782afb,sUSD,465000,466403.835
Aave,2022-04-20T14:25:54+00:00,\x955207ad12d091fecbddb160667d7ed5be92da09,USDC,98000,98312.424
Aave,2022-04-20T14:28:58+00:00,\xd0ed2d0b2b136f0dfeefc1387dc52ef5d2293dae,USDT,2000000,2005962
Aave,2022-04-20T14:39:04+00:00,\x939e0f3a0a4a9c2cd0be350db247a1b20a016191,USDC,20000,20047.26
Aave,2022-04-20T14:44:15+00:00,\x1dd706bc740d9991d8b4e37d910b76c9fe8b764f,DAI,50000,50125.15
Aave,2022-04-20T14:48:34+00:00,\x7a16ff8270133f063aab6c9977183d9e72835428,USDC,42000,42104.034
Aave,2022-04-20T15:04:27+00:00,\x974012d9590ba6014b83c03a93c7b09706e0a469,WETH,451.390354769965,1404090.32364391
Aave,2022-04-20T15:08:35+00:00,\xc56af5cd10c14a3e31cc39aac81012334342d88a,DAI,2500,2506.8675
Aave,2022-04-20T15:21:54+00:00,\xd4ad5d62dce1a8bf661777a5c1df79bd12ac8f1d,USDC,184100,184073.6737
Aave,2022-04-20T15:22:49+00:00,\xcedb03262cf2024e11d6a58b8add9259742045c7,USDC,5000,4999.285
Aave,2022-04-20T15:32:06+00:00,\x3689c216f8f6ce7e2ce2a27c81a23096a787f532,TUSD,198334.547204128,198809.161775587
Aave,2022-04-20T15:36:07+00:00,\xec32a1b6517b870a0daecc0be1d17a527187039f,USDC,40000,40096.48
Aave,2022-04-20T15:36:19+00:00,\x7a16ff8270133f063aab6c9977183d9e72835428,USDT,250000,250679.75
Aave,2022-04-20T16:01:48+00:00,\x974012d9590ba6014b83c03a93c7b09706e0a469,WETH,1194.2602549855,3671562.07231212
Aave,2022-04-20T16:45:48+00:00,\x2f8d4e7b1d771932e1367ee46f4c7be11cd94ac3,DAI,352112,351965.169296
Aave,2022-04-20T17:03:45+00:00,\x5b18d0b3aba00545c5443da700bf471391e15567,DAI,152690.461150399,152644.04325021
Aave,2022-04-20T17:22:54+00:00,\x2f8d4e7b1d771932e1367ee46f4c7be11cd94ac3,DAI,176000,175976.24
Aave,2022-04-20T17:57:17+00:00,\xcc9a0b7c43dc2a5f023bb9b738e45b0ef6b06e04,WETH,520.215571495424,1600484.82295139
Aave,2022-04-20T18:47:30+00:00,\x9c5c1a5be23ae128f0b2cbd4dfb95774321e3d5c,DAI,20,19.953
Aave,2022-04-20T18:48:10+00:00,\x9c5c1a5be23ae128f0b2cbd4dfb95774321e3d5c,DAI,10,9.9765
Aave,2022-04-20T18:57:18+00:00,\xd67580993b7d5160111916326ece9d667aeb41b1,USDT,4000,3992.304
Aave,2022-04-20T18:58:29+00:00,\xcc9a0b7c43dc2a5f023bb9b738e45b0ef6b06e04,WETH,1.32,4017.42
Aave,2022-04-20T19:34:54+00:00,\xcc9a0b7c43dc2a5f023bb9b738e45b0ef6b06e04,WETH,0.3,920.676
Aave,2022-04-20T19:34:54+00:00,\x8fec806c9e94ff7ab2af3d7e4875c2381413f98e,USDC,100000,100112.4
Aave,2022-04-20T19:52:42+00:00,\x95a2b07eb236110719975625cee026ffe2b02799,USDC,140000,140091.84
Aave,2022-04-20T19:58:41+00:00,\xd155ae951285d54a8068d2b5ade9e00eb17e8947,DAI,6000,6004.032
Aave,2022-04-20T19:59:55+00:00,\x9c5c1a5be23ae128f0b2cbd4dfb95774321e3d5c,USDC,149.7055,149.805802685
Aave,2022-04-20T20:01:05+00:00,\x78d2f5de1d6e28e06bcdf77925a7d8720e1af49a,USDT,15000,15012.255
Aave,2022-04-20T20:02:56+00:00,\x6672a66348fb1792767b34fdcfdb2a63c59f37c6,USDC,8920.237912,8927.17785709554
Aave,2022-04-20T20:27:27+00:00,\xa25a9b7c73158b3b34215925796ce6aa8100c13a,USDC,120000,119574.24
Aave,2022-04-20T21:11:03+00:00,\x82c6497d7eef2a22c2dac2b9f1808920dfc7b917,USDC,1032.975908,1028.43597888434
Aave,2022-04-20T21:13:13+00:00,\x97071d3b6f8ccbb6e69de434bd719d8929d55f96,USDC,80000,79648.4
Aave,2022-04-20T21:36:36+00:00,\x97071d3b6f8ccbb6e69de434bd719d8929d55f96,USDC,46000,46005.704
Aave,2022-04-20T21:51:11+00:00,\xcdb478e062c3e1001dcd275858fa795273536135,USDC,2000,2000.134
Aave,2022-04-20T21:51:38+00:00,\xbaf461decb76b95bf5bca8a6284d83e32bf61f50,USDC,5000,5000.335
Aave,2022-04-20T21:53:15+00:00,\x974012d9590ba6014b83c03a93c7b09706e0a469,WETH,867.255848464853,2671364.82723386
Aave,2022-04-20T22:10:25+00:00,\x97071d3b6f8ccbb6e69de434bd719d8929d55f96,USDC,60000,60093.6
Aave,2022-04-20T22:22:36+00:00,\x9623a7dfb605f693c9725278cf78bd2f53f0d407,USDC,100000,100103
Aave,2022-04-20T23:12:03+00:00,\x91a5b96c6ccb3d84dd8e3dc2f093e2694dedae93,GUSD,800,799.2656
Aave,2022-04-20T23:13:51+00:00,\xf13e6802b15c7809244eec7e07793777ffe1d0c8,USDC,80000,80078.88
Aave,2022-04-20T23:17:08+00:00,\xf13e6802b15c7809244eec7e07793777ffe1d0c8,USDC,65000,65054.145
Aave,2022-04-20T23:26:06+00:00,\xae653682dee958914a82c9628de794dcbbee3d04,CRV,200000,466000
Aave,2022-04-20T05:27:50+00:00,\x689209519e78947d52b862748e059fad1238d689,WETH,52.5823286032072,162425.761408735
Aave,2022-04-20T08:41:07+00:00,\x98d54bbf1fa3e74c2ace039d1127dccfb713b63d,WETH,11.58,35902.2846
Aave,2022-04-20T12:13:37+00:00,\x135896de8421be2ec868e0b811006171d9df802a,USDC,45000,45012.69
Aave,2022-04-20T14:18:38+00:00,\x135896de8421be2ec868e0b811006171d9df802a,DAI,16500,16537.9665
Aave,2022-04-20T16:08:13+00:00,\x7c0d3cf3982142eda2b992e9f912ac4dea662258,WBTC,0.15003791,6207.2228757473
Compound,2022-04-20T01:02:07+00:00,\xf6aaada76ea7f044ffa028565b028740dce5389f,USDC,35000,35034.755
Compound,2022-04-20T02:02:22+00:00,\xc47795a89a34723172b267f7faf01113aca7119d,USDC,19900,19918.9249
Compound,2022-04-20T02:22:32+00:00,\x4f01b900452eb8f24ec90d81ef198574ebf5c121,USDC,75000,75032.25
Compound,2022-04-20T05:12:58+00:00,\xf19c3e3eeb001cd03b84053e8c2ddaa6db038c83,USDC,4560,4566.7032
Compound,2022-04-20T05:53:44+00:00,\x4cbed20046780e174b2af950d7f5eb1f3348c6ea,USDC,38400,38399.3088
Compound,2022-04-20T06:19:33+00:00,\xaa6e8127831c9de45ae56bb1b0d4d4da6e5665bd,USDC,11499.681648,11506.3284639925
Compound,2022-04-20T06:40:14+00:00,\x3070f20f86fda706ac380f5060d256028a46ec29,USDC,1000,1000.3
Compound,2022-04-20T06:42:05+00:00,\x4e618a87fd859eeb0a720aca97d3bdebbf0ce212,USDC,73640,73672.91708
Compound,2022-04-20T09:14:23+00:00,\x1d0b7c60f9d5eb42cb2ae9d69f136ee740ed5a8c,USDC,300,300.111
Compound,2022-04-20T09:53:40+00:00,\x048a95f3573612227a6297b0c79f86f6fc3ea443,USDC,56000,56041.608
Compound,2022-04-20T10:47:12+00:00,\x61c643794743e8d7a9fc07990fcd6c46b596db7f,USDC,50,50.0755
Compound,2022-04-20T13:06:07+00:00,\xba19dce4e43fe16671d81b10d6f823d22032b6e2,USDC,1200,1201.344
Compound,2022-04-20T13:49:14+00:00,\xaa6e8127831c9de45ae56bb1b0d4d4da6e5665bd,USDC,161512.043886,161927.129838787
Compound,2022-04-20T13:58:32+00:00,\xaa6e8127831c9de45ae56bb1b0d4d4da6e5665bd,USDC,173946.965658,174405.837753406
Compound,2022-04-20T14:01:02+00:00,\x2acb2d3fa1b0dc3204408ce3edf2b4e5f12671ae,USDC,203777.668187,204304.025903927
Compound,2022-04-20T15:12:11+00:00,\xaa6e8127831c9de45ae56bb1b0d4d4da6e5665bd,USDC,191162.429725,191710.301248592
Compound,2022-04-20T15:24:41+00:00,\xaa6e8127831c9de45ae56bb1b0d4d4da6e5665bd,USDC,186287.504217,186260.865103897
Compound,2022-04-20T15:32:01+00:00,\xaa6e8127831c9de45ae56bb1b0d4d4da6e5665bd,USDC,183071.832731,183498.573173096
Compound,2022-04-20T17:38:43+00:00,\x9dfac9bbe1119da5dcdd7b095db40920cde878ef,USDC,6415,6415.493955
Compound,2022-04-20T18:47:43+00:00,\xb62d1ff4f1c155354075b787e63fdf376e10a881,USDC,17500,17460.45
Compound,2022-04-20T18:56:59+00:00,\xe037cdde28ec42da5be8a5e90617e287a6ebb149,USDC,50000,49872.3
Compound,2022-04-20T19:40:55+00:00,\x41b7fd0d6783b96f9e0a4f0d49946d77c98ff50c,USDC,32000,32021.632
Compound,2022-04-20T22:05:34+00:00,\x4d25890f134878568d94a4fb82ae8729091e5873,USDC,22000,22001.43
Compound,2022-04-20T22:58:55+00:00,\x231a07c825f052b895de5fd1513ce40d18e14af5,USDC,20000,20024.22
Compound,2022-04-20T12:38:31+00:00,\xc319bcfd24e50fcf932c98b43bf7ab10460f7ab2,WETH,0.155,489.6388
Compound,2022-04-20T13:48:49+00:00,\x246ac45817710f526750bdd5c531ab3f14633e64,WETH,35,109269.3
Compound,2022-04-20T14:17:10+00:00,\xaf5e63c7f54ff53e5475f2ff9a60ff3628b1bd61,WETH,5,15586.7
Compound,2022-04-20T16:01:12+00:00,\x818feb1d51e8681a020b2c0df4820071102fdd38,WETH,0.14,430.4076
Compound,2022-04-20T01:09:42+00:00,\xfcc08561b2ac9ccd118f71fcf0e92ebc4139761f,TUSD,4000,4003.748
Compound,2022-04-20T04:09:29+00:00,\x6906041503264a221b8735186056ad89f7a4f04c,USDT,100000,100036.6
Compound,2022-04-20T06:02:37+00:00,\x2c21fa2903d4f8839e8fd6b041c2adf19dbf6540,USDT,38122.15,38144.1083584
Compound,2022-04-20T08:40:00+00:00,\x79635b386b9bd6636cd701879c32e6dd181c853f,DAI,1000,1000.365
Compound,2022-04-20T09:35:39+00:00,\xf16856d2fc5bd6197a539f6dbc9c5dde580707ab,USDT,9368.826516,9374.24169772625
Compound,2022-04-20T09:53:40+00:00,\xfbfcc709abe8ebc1c029238eee6459d2905311a9,USDT,44315,44336.935925
Compound,2022-04-20T10:20:32+00:00,\xf16856d2fc5bd6197a539f6dbc9c5dde580707ab,DAI,2300,2301.6491
Compound,2022-04-20T11:44:00+00:00,\x9d931eeb73378fcea0741988dc0d354ecc577bdd,USDT,2100,2098.5699
Compound,2022-04-20T11:44:32+00:00,\x94d2eda4bf85f0a98c0436da4d05f806acd34958,USDT,10000,9993.19
Compound,2022-04-20T11:50:07+00:00,\x8d7213dc74a13c8e35d92d25c29fc5330887ef78,USDT,40000,39968.04
Compound,2022-04-20T12:42:17+00:00,\xe84a061897afc2e7ff5fb7e3686717c528617487,USDT,2000000,2001682
Compound,2022-04-20T12:46:26+00:00,\xb87736c9c2ddbbab1d6b59955a2d5afb8713c2db,USDT,12900,12911.6229
Compound,2022-04-20T13:45:35+00:00,\xb0e7e4168501b19771a51b4625e3b0a749f447e5,DAI,2400,2405.8152
Compound,2022-04-20T15:10:27+00:00,\xef0d838ba98a22a64a6241cfb0237dafdd7cf4b2,USDT,185000,185634.55
Compound,2022-04-20T16:39:04+00:00,\xcf6ce1174b7ad8b57876b1fc1f2979a63af76aca,USDT,100000,100000.3
Compound,2022-04-20T18:42:40+00:00,\x71a91c9202c8091c62c630ca2de44b333ddcd0d7,USDT,70000,69905.22
Compound,2022-04-20T20:49:56+00:00,\x85efc515a5d54885218ea6822d4de3c317526a1e,USDT,20000,19927.44
Compound,2022-04-20T22:21:10+00:00,\x99e881e9e89152b0add27c367f0761f0fbe5ddc3,DAI,150000,150149.25
Compound,2022-04-20T23:18:26+00:00,\x838025a84c1b64b1d82f0102f6029fbc6c59c8d3,DAI,2850.80954826405,2851.99263422658
MakerDAO,2022-04-20T00:57:02+00:00,\x2ab3fe13eea37c502fa34e6d74b8d3b3dc62954f,DAI,500,500.848
MakerDAO,2022-04-20T00:59:00+00:00,\x2ab3fe13eea37c502fa34e6d74b8d3b3dc62954f,DAI,24500,24541.552
MakerDAO,2022-04-20T01:10:27+00:00,\x220bda5c8994804ac96ebe4df184d25e5c2196d4,DAI,5180000,5187759.64
MakerDAO,2022-04-20T01:15:01+00:00,\x9726c55b0cb4dcfd3a8acf3c7ded770aaa22240e,DAI,4015,4017.42506
MakerDAO,2022-04-20T01:47:44+00:00,\x9c03e1dab3f6c90ef98049e840e2ee55ecd26fcb,DAI,1022608.454517,1023151.45960635
MakerDAO,2022-04-20T01:48:10+00:00,\x9c03e1dab3f6c90ef98049e840e2ee55ecd26fcb,DAI,962167.683851,962678.594891125
MakerDAO,2022-04-20T02:15:17+00:00,\xfbec8b3f0c80faa041eabe70b3b073cecd28e4ea,DAI,810940.112232,811427.487239451
MakerDAO,2022-04-20T03:25:09+00:00,\x1111111254fb6c44bac0bed2854e76f90643097d,DAI,2567885.000005,2569579.804105
MakerDAO,2022-04-20T04:14:03+00:00,\x1111111254fb6c44bac0bed2854e76f90643097d,DAI,1999995,2001040.997385
MakerDAO,2022-04-20T04:20:41+00:00,\x2057cfb9fd11837d61b294d514c5bd03e5e7189a,DAI,1001550.12815,1002705.91699789
MakerDAO,2022-04-20T04:30:44+00:00,\x2057cfb9fd11837d61b294d514c5bd03e5e7189a,DAI,1660560,1661910.03528
MakerDAO,2022-04-20T04:49:25+00:00,\x1111111254fb6c44bac0bed2854e76f90643097d,DAI,1999995,2001854.99535
MakerDAO,2022-04-20T05:18:57+00:00,\x06981efbe070996654482f4f20786e0cef0f8740,DAI,300000,300219.9
MakerDAO,2022-04-20T05:34:21+00:00,\x9c03e1dab3f6c90ef98049e840e2ee55ecd26fcb,DAI,1260277.453165,1261276.85318536
MakerDAO,2022-04-20T05:36:14+00:00,\x06981efbe070996654482f4f20786e0cef0f8740,DAI,300000,300108.3
MakerDAO,2022-04-20T06:50:49+00:00,\x1d683ff816c4961b15b9a41fe751db4f4d545faf,DAI,10000,10002.31
MakerDAO,2022-04-20T06:51:51+00:00,\x944fb2f58ed2c2e8fd4d9bb7013f262875467da5,DAI,30000,30007.02
MakerDAO,2022-04-20T06:53:35+00:00,\xfbec8b3f0c80faa041eabe70b3b073cecd28e4ea,DAI,932333.568256,932551.734310972
MakerDAO,2022-04-20T06:54:59+00:00,\xab7b99998206d1ccf8b13b02b7566c267f4e2313,DAI,2000000,2000468
MakerDAO,2022-04-20T06:54:59+00:00,\xfbec8b3f0c80faa041eabe70b3b073cecd28e4ea,DAI,700533.575421,700697.500277649
MakerDAO,2022-04-20T07:18:53+00:00,\xab7b99998206d1ccf8b13b02b7566c267f4e2313,DAI,5000000,5002820
MakerDAO,2022-04-20T07:27:21+00:00,\x20433dfb275e1660fe317cd9ea49997a38f380de,DAI,5000,5003.895
MakerDAO,2022-04-20T07:53:01+00:00,\x1111111254fb6c44bac0bed2854e76f90643097d,DAI,2018411.589229,2019925.39792092
MakerDAO,2022-04-20T08:17:22+00:00,\x2a49eae5cca3f050ebec729cf90cc910fadaf7a2,DAI,105417.892224636,105558.83594654
MakerDAO,2022-04-20T08:17:22+00:00,\x2a49eae5cca3f050ebec729cf90cc910fadaf7a2,DAI,105417.892224636,105558.83594654
MakerDAO,2022-04-20T08:23:54+00:00,\x2a49eae5cca3f050ebec729cf90cc910fadaf7a2,DAI,534453.465510883,534742.604835725
MakerDAO,2022-04-20T08:23:54+00:00,\x2a49eae5cca3f050ebec729cf90cc910fadaf7a2,DAI,534453.465510883,534742.604835725
MakerDAO,2022-04-20T08:32:27+00:00,\x1f847fd5e08fb559a69280a14e7e904e6dbff81f,DAI,19379.330199277,19389.34931299
MakerDAO,2022-04-20T08:32:27+00:00,\x1f847fd5e08fb559a69280a14e7e904e6dbff81f,DAI,5003056.54236493,5005643.12259733
MakerDAO,2022-04-20T09:04:28+00:00,\x9c03e1dab3f6c90ef98049e840e2ee55ecd26fcb,DAI,780346.691094,780363.858721204
MakerDAO,2022-04-20T09:05:43+00:00,\x9c03e1dab3f6c90ef98049e840e2ee55ecd26fcb,DAI,528878.477598,528890.112924507
MakerDAO,2022-04-20T09:11:26+00:00,\x2a49eae5cca3f050ebec729cf90cc910fadaf7a2,DAI,272065.019820915,272102.29272863
MakerDAO,2022-04-20T09:11:26+00:00,\x2a49eae5cca3f050ebec729cf90cc910fadaf7a2,DAI,272065.019820915,272102.29272863
MakerDAO,2022-04-20T09:12:52+00:00,\x9c03e1dab3f6c90ef98049e840e2ee55ecd26fcb,DAI,379124.946754,379176.886871705
MakerDAO,2022-04-20T09:14:23+00:00,\x1862098d405e74d7327ba3aeb0def92b308c4c3f,DAI,10000,10001.37
MakerDAO,2022-04-20T09:45:30+00:00,\xee1a62f0c6fa867a062e8d33bb6969db020969e5,DAI,1500000,1500819
MakerDAO,2022-04-20T09:50:23+00:00,\xee1a62f0c6fa867a062e8d33bb6969db020969e5,DAI,300000,300163.8
MakerDAO,2022-04-20T10:04:13+00:00,\x9c03e1dab3f6c90ef98049e840e2ee55ecd26fcb,DAI,188705.545973,188840.847849463
MakerDAO,2022-04-20T10:21:33+00:00,\x68c7472b874bb7e8f0e678c6c80b6fb5d1dbc331,DAI,100000,100180.9
MakerDAO,2022-04-20T10:37:33+00:00,\xb7435f59a5f867805ca797f73b362bfe4f149c9a,DAI,20000,20031.06
MakerDAO,2022-04-20T10:55:52+00:00,\x58ba5a24fa8833477339072f1221e03bb3b29130,DAI,10000,10012.13
MakerDAO,2022-04-20T10:56:59+00:00,\x1111111254fb6c44bac0bed2854e76f90643097d,DAI,8999948.4,9010820.3376672
MakerDAO,2022-04-20T10:57:04+00:00,\x220bda5c8994804ac96ebe4df184d25e5c2196d4,DAI,634142.653227,634908.697552098
MakerDAO,2022-04-20T11:03:13+00:00,\x919256c63edf4cfec4c5ba3056720eb620e89b2a,DAI,20000,20028.64
MakerDAO,2022-04-20T11:09:58+00:00,\x7ca140c0085e867d7e8d9cb4fd09474b207417bb,DAI,320000,320282.88
MakerDAO,2022-04-20T11:12:34+00:00,\x2a49eae5cca3f050ebec729cf90cc910fadaf7a2,DAI,858309.938080808,859128.765761737
MakerDAO,2022-04-20T11:12:34+00:00,\x2a49eae5cca3f050ebec729cf90cc910fadaf7a2,DAI,858309.938080808,859128.765761737
MakerDAO,2022-04-20T11:23:43+00:00,\x2a49eae5cca3f050ebec729cf90cc910fadaf7a2,DAI,21111.8759599832,21119.6662422124
MakerDAO,2022-04-20T11:28:14+00:00,\xe2abf5f39e0fc4075210086d7979da3358ea9245,DAI,69000,69028.29
MakerDAO,2022-04-20T11:30:40+00:00,\x9c03e1dab3f6c90ef98049e840e2ee55ecd26fcb,DAI,449881.975472,450066.427081944
MakerDAO,2022-04-20T11:32:51+00:00,\x220bda5c8994804ac96ebe4df184d25e5c2196d4,DAI,865300,866260.483
MakerDAO,2022-04-20T11:33:54+00:00,\x9c03e1dab3f6c90ef98049e840e2ee55ecd26fcb,DAI,449841.51027,450340.8343464
MakerDAO,2022-04-20T11:36:08+00:00,\x1111111254fb6c44bac0bed2854e76f90643097d,DAI,1882594,1881688.472286
MakerDAO,2022-04-20T11:38:56+00:00,\xfbec8b3f0c80faa041eabe70b3b073cecd28e4ea,DAI,449801.050527,449584.696221697
MakerDAO,2022-04-20T11:51:19+00:00,\x0945260089850bc72432072501c6f545f6b64cec,DAI,230000,230017.94
MakerDAO,2022-04-20T11:53:17+00:00,\xfbec8b3f0c80faa041eabe70b3b073cecd28e4ea,DAI,236836.362458,236854.835694272
MakerDAO,2022-04-20T11:57:31+00:00,\x9c03e1dab3f6c90ef98049e840e2ee55ecd26fcb,DAI,108579.736521,108587.880001239
MakerDAO,2022-04-20T11:58:43+00:00,\xfbec8b3f0c80faa041eabe70b3b073cecd28e4ea,DAI,94979.49089,94986.6143518168
MakerDAO,2022-04-20T12:14:21+00:00,\xfbec8b3f0c80faa041eabe70b3b073cecd28e4ea,DAI,449875.076851,449891.272353767
MakerDAO,2022-04-20T12:30:20+00:00,\xe197b0091c19813cf701a35053e6f6d68b7a3f27,DAI,5000,5005.255
MakerDAO,2022-04-20T12:36:00+00:00,\x22f9dcf4647084d6c31b2765f6910cd85c178c18,DAI,253477.419746,253805.166049732
MakerDAO,2022-04-20T12:55:23+00:00,\xa58aef2608a4c1d687f2e85a8c45d8fd5c720e37,DAI,1000000,1001078
MakerDAO,2022-04-20T13:04:11+00:00,\xd6c4cd7931e549191ff187f8289afa6bc57cde82,DAI,56919.32591274,56983.1893964141
MakerDAO,2022-04-20T13:04:11+00:00,\xb1e5c6a95aaf4fde5efca4fd7a7328d43389c00b,DAI,8717.94782175,8727.729359206
MakerDAO,2022-04-20T13:05:42+00:00,\x2057cfb9fd11837d61b294d514c5bd03e5e7189a,DAI,560000,560628.32
MakerDAO,2022-04-20T13:05:42+00:00,\x9c03e1dab3f6c90ef98049e840e2ee55ecd26fcb,DAI,449834.61258,450339.327015315
MakerDAO,2022-04-20T13:20:58+00:00,\xdef171fe48cf0115b1d80b88dc8eab59176fee57,DAI,1466065.356232,1466664.9769627
MakerDAO,2022-04-20T13:28:28+00:00,\xdef171fe48cf0115b1d80b88dc8eab59176fee57,DAI,82970.13,83039.90787933
MakerDAO,2022-04-20T13:36:01+00:00,\x919256c63edf4cfec4c5ba3056720eb620e89b2a,DAI,3000,3007.05
MakerDAO,2022-04-20T13:36:07+00:00,\xa58aef2608a4c1d687f2e85a8c45d8fd5c720e37,DAI,500000,501175
MakerDAO,2022-04-20T14:24:35+00:00,\x220bda5c8994804ac96ebe4df184d25e5c2196d4,DAI,830902.715683,833472.697782608
MakerDAO,2022-04-20T14:35:28+00:00,\x984822e8ee521cb9171789c5e88d9f0fd6f867b0,DAI,11250000,11272072.5
MakerDAO,2022-04-20T15:17:47+00:00,\x9c03e1dab3f6c90ef98049e840e2ee55ecd26fcb,DAI,434867.239652,436698.900465414
MakerDAO,2022-04-20T15:23:21+00:00,\x2a49eae5cca3f050ebec729cf90cc910fadaf7a2,DAI,15318.7224615768,15318.4620432949
MakerDAO,2022-04-20T15:35:33+00:00,\x2a49eae5cca3f050ebec729cf90cc910fadaf7a2,DAI,5037.91269543623,5048.81473850916
MakerDAO,2022-04-20T15:39:39+00:00,\x220bda5c8994804ac96ebe4df184d25e5c2196d4,DAI,916133.102569,917838.026272881
MakerDAO,2022-04-20T15:40:51+00:00,\x22f9dcf4647084d6c31b2765f6910cd85c178c18,DAI,1057738.672257,1059707.12392607
MakerDAO,2022-04-20T15:54:29+00:00,\x72d4d59f31d0cb4a4213a5dc81fc0108241ecc71,DAI,50000,50112.55
MakerDAO,2022-04-20T16:08:42+00:00,\x2a49eae5cca3f050ebec729cf90cc910fadaf7a2,DAI,1160740.38662791,1163210.44217065
MakerDAO,2022-04-20T16:15:03+00:00,\x2a49eae5cca3f050ebec729cf90cc910fadaf7a2,DAI,721360.791755073,723235.608452844
MakerDAO,2022-04-20T16:15:03+00:00,\x2a49eae5cca3f050ebec729cf90cc910fadaf7a2,DAI,721360.791755073,723235.608452844
MakerDAO,2022-04-20T16:24:42+00:00,\x2057cfb9fd11837d61b294d514c5bd03e5e7189a,DAI,1583178.334285,1583803.68972704
MakerDAO,2022-04-20T16:27:07+00:00,\x3e709d9e4e61f721317a424f03db2c878362bcaa,DAI,9000,9009.693
MakerDAO,2022-04-20T16:27:10+00:00,\xab7b99998206d1ccf8b13b02b7566c267f4e2313,DAI,10000000,10010770
MakerDAO,2022-04-20T17:16:03+00:00,\x22a82cbab5056d2c4e0b0b23fd0869b0b4ca4a7b,DAI,25000,24975.65
MakerDAO,2022-04-20T18:03:19+00:00,\xb56caed6c5050f3f2c1d8dea9cea3d8f1677acd5,DAI,2500,2499.1925
MakerDAO,2022-04-20T18:12:58+00:00,\xb56caed6c5050f3f2c1d8dea9cea3d8f1677acd5,DAI,2000,1999.866
MakerDAO,2022-04-20T18:26:52+00:00,\x22f9dcf4647084d6c31b2765f6910cd85c178c18,DAI,10042.920105,10008.6436186816
MakerDAO,2022-04-20T18:33:36+00:00,\xc56b4d313e579df21fbedf39627c4cf713ffbb90,DAI,989733,986230.334913
MakerDAO,2022-04-20T18:44:11+00:00,\xdef171fe48cf0115b1d80b88dc8eab59176fee57,DAI,500000,498513
MakerDAO,2022-04-20T18:56:59+00:00,\x22f9dcf4647084d6c31b2765f6910cd85c178c18,DAI,14055.540004,14017.1543242491
MakerDAO,2022-04-20T19:01:19+00:00,\x71dba218be11d67dbca705830b3b92a570032ce6,DAI,5500843,5485930.214627
MakerDAO,2022-04-20T19:06:12+00:00,\x72d4d59f31d0cb4a4213a5dc81fc0108241ecc71,DAI,10000,9966.92
MakerDAO,2022-04-20T19:18:37+00:00,\xa13c0c8eb109f5a13c6c90fc26afb23beb3fb04a,DAI,8639237.66267566,8616974.34721895
MakerDAO,2022-04-20T19:38:11+00:00,\xdef171fe48cf0115b1d80b88dc8eab59176fee57,DAI,4900467.458534,4903946.79042956
MakerDAO,2022-04-20T20:16:53+00:00,\x0fcc4f38a9578a0fb0e58c954c2e6d485f23ed06,DAI,100000,100108.2
MakerDAO,2022-04-20T20:29:21+00:00,\xdef171fe48cf0115b1d80b88dc8eab59176fee57,DAI,30000,29894.55
MakerDAO,2022-04-20T20:49:56+00:00,\x91b4556d4ccaaae59e37c4a57ddef8903f644621,DAI,300000,298844.4
MakerDAO,2022-04-20T20:53:45+00:00,\xdef171fe48cf0115b1d80b88dc8eab59176fee57,DAI,80889.758622,80547.9185020634
MakerDAO,2022-04-20T21:11:45+00:00,\x78e8d8f352ef3bf5c9c62ef75dcbf25e9f9f14b1,DAI,50000,49788.8
MakerDAO,2022-04-20T21:43:23+00:00,\x31df078f87166a8639a9bc5c7500f34b85e8e61e,DAI,2000,2000.136
MakerDAO,2022-04-20T22:08:52+00:00,\x6277a1073dfbe0ea087e0ef8741dce084831e782,DAI,15000,15018.885
MakerDAO,2022-04-20T22:37:03+00:00,\x22f9dcf4647084d6c31b2765f6910cd85c178c18,DAI,100000,100085.9
MakerDAO,2022-04-20T22:45:34+00:00,\xa13c0c8eb109f5a13c6c90fc26afb23beb3fb04a,DAI,8443964.41334861,8451513.31753414
MakerDAO,2022-04-20T23:16:15+00:00,\xdef171fe48cf0115b1d80b88dc8eab59176fee57,DAI,124616.020498,124667.736146507
MakerDAO,2022-04-20T23:19:15+00:00,\x22f9dcf4647084d6c31b2765f6910cd85c178c18,DAI,68158.735778,68187.0216533479
MakerDAO,2022-04-20T23:40:47+00:00,\x22f9dcf4647084d6c31b2765f6910cd85c178c18,DAI,71145,71267.013675
MakerDAO,2022-04-20T23:41:38+00:00,\x22f9dcf4647084d6c31b2765f6910cd85c178c18,DAI,200000,200343
MakerDAO,2022-04-20T23:43:18+00:00,\x22f9dcf4647084d6c31b2765f6910cd85c178c18,DAI,30000,30051.45
MakerDAO,2022-04-20T23:51:18+00:00,\x22f9dcf4647084d6c31b2765f6910cd85c178c18,DAI,135000,135263.52
MakerDAO,2022-04-20T23:53:09+00:00,\xdef171fe48cf0115b1d80b88dc8eab59176fee57,DAI,42530.738185,42613.7581859371
MakerDAO,2022-04-20T23:59:35+00:00,\x22f9dcf4647084d6c31b2765f6910cd85c178c18,DAI,50000,50085.85
